{"sections":{"1634598669def44a9a":{"type":"breadcrumbs","settings":{}},"main":{"type":"main-article","blocks":{"title":{"type":"title","settings":{"blog_show_date":true,"blog_show_author":false}},"featured_image":{"type":"featured_image","settings":{"image_height":"adapt"}},"content":{"type":"content","settings":{}},"social_sharing":{"type":"social_sharing","settings":{}}},"block_order":["title","featured_image","content","social_sharing"],"settings":{"enable_sidebar":true,"collection":"most-popular"}},"1638756256e2fa6298":{"type":"newsletter","blocks":{"1638756256b544eb97-0":{"type":"heading","settings":{"heading":"Newsletter Signup"}},"1638756256b544eb97-1":{"type":"paragraph","settings":{"paragraph":"<p>Invite Customers to join your mailing list.<\/p>"}},"1638756256b544eb97-2":{"type":"email_form","settings":{}}},"block_order":["1638756256b544eb97-0","1638756256b544eb97-1","1638756256b544eb97-2"],"settings":{"color_scheme":"background-2","full_width":true}}},"order":["1634598669def44a9a","main","1638756256e2fa6298"]}