{"sections":{"1634598652ca9fa305":{"type":"breadcrumbs","settings":{}},"main1":{"type":"title","settings":{}},"main":{"type":"main-blog","blocks":{"title":{"type":"title","settings":{"show_date":true,"show_author":false}},"summary":{"type":"summary","settings":{}},"link":{"type":"link","settings":{}}},"block_order":["title","summary","link"],"settings":{"show_image":true}},"1632143832c2074168":{"type":"newsletter","blocks":{"1632143832c2074168-0":{"type":"heading","settings":{"heading":"Newsletter Signup"}},"1632143832c2074168-1":{"type":"paragraph","settings":{"paragraph":"<p>Invite customers to join your mailing list.<\/p>"}},"1632143832c2074168-2":{"type":"email_form","settings":{}}},"block_order":["1632143832c2074168-0","1632143832c2074168-1","1632143832c2074168-2"],"settings":{"color_scheme":"background-2","full_width":true}}},"order":["1634598652ca9fa305","main1","main","1632143832c2074168"]}