{"sections":{"cart-items":{"type":"main-cart-items","settings":{"show_vendor":false}},"cart-footer":{"type":"main-cart-footer","blocks":{"subtotal":{"type":"subtotal","settings":{}},"buttons":{"type":"buttons","settings":{}}},"block_order":["subtotal","buttons"],"settings":{"show_cart_note":false}},"1638567401210fbfd1":{"type":"newsletter","blocks":{"163856740169a846a0-0":{"type":"heading","settings":{"heading":"Newsletter Signup"}},"163856740169a846a0-1":{"type":"paragraph","settings":{"paragraph":"<p>Invite Customers to join your mailing list.<\/p>"}},"163856740169a846a0-2":{"type":"email_form","settings":{}}},"block_order":["163856740169a846a0-0","163856740169a846a0-1","163856740169a846a0-2"],"settings":{"color_scheme":"background-2","full_width":true}}},"order":["cart-items","cart-footer","1638567401210fbfd1"]}