{"sections":{"16345984152b12b893":{"type":"breadcrumbs","settings":{}},"banner":{"type":"main-collection-banner","settings":{"show_collection_description":false,"show_collection_image":true,"text_color":true}},"product-grid":{"type":"main-collection-product-grid","settings":{"products_per_page":16,"image_ratio":"adapt","show_secondary_image":true,"add_image_padding":false,"show_vendor":false,"enable_filtering":true,"enable_sorting":true}},"1638462462b4721e9e":{"type":"newsletter","blocks":{"16384624627d403b81-0":{"type":"heading","settings":{"heading":"Newsletter Signup"}},"16384624627d403b81-1":{"type":"paragraph","settings":{"paragraph":"<p>Invite Customers to join your mailing list.<\/p>"}},"16384624627d403b81-2":{"type":"email_form","settings":{}}},"block_order":["16384624627d403b81-0","16384624627d403b81-1","16384624627d403b81-2"],"settings":{"color_scheme":"background-2","full_width":true}}},"order":["16345984152b12b893","banner","product-grid","1638462462b4721e9e"]}