{"sections":{"1638473943f7e3801b":{"type":"image-banner-slider","blocks":{"cbb64eac-cf08-40a0-b2d0-3f8bc7d0f0b3":{"type":"image-banner-slide","settings":{"img_bg":"shopify:\/\/shop_images\/tech-homepage-hero_969bf68f-86c7-4810-af55-5296bb5adac9.jpg","introtext":"BEATS BY DRE","heading":"Premium Headphones","text":"Give customers details about the banner image(s) or content on the template.","button_label_1":"Shop Now","button_link_1":"shopify:\/\/collections\/headphones","text_light":true}},"965c0e83-64c5-4228-ad96-42ae1d135e84":{"type":"image-banner-slide","settings":{"img_bg":"shopify:\/\/shop_images\/tech-homepage-hero_af96ed32-0909-48a2-90c4-d30bc504e8fa.jpg","introtext":"","heading":"Premium Headphones","text":"Give customers details about the banner image(s) or content on the template.","button_label_1":"Shop Now","button_link_1":"shopify:\/\/collections\/headphones","text_light":true}}},"block_order":["cbb64eac-cf08-40a0-b2d0-3f8bc7d0f0b3","965c0e83-64c5-4228-ad96-42ae1d135e84"],"settings":{"color_scheme":"background-1","box_content":false,"box_content_mobile":false}},"16305246311b2b5501":{"type":"icons-with-text","blocks":{"dabf00f6-3380-4a29-88fd-7b102490d6f6":{"type":"image","settings":{"image":"shopify:\/\/shop_images\/free-shipping.png","heading":"Free Shipping","text":""}},"30192eb0-0a6f-484c-a2d4-b0e776d68018":{"type":"image","settings":{"image":"shopify:\/\/shop_images\/refer-a-friend.png","heading":"Refer a Friend","text":""}},"47225a1a-aa26-46c2-b71a-7dc6197f5d0a":{"type":"image","settings":{"image":"shopify:\/\/shop_images\/free-returns.png","heading":"Free Returns","text":""}}},"block_order":["dabf00f6-3380-4a29-88fd-7b102490d6f6","30192eb0-0a6f-484c-a2d4-b0e776d68018","47225a1a-aa26-46c2-b71a-7dc6197f5d0a"],"settings":{"heading":"","color_scheme":"background-1"}},"1627062855b7b8220f":{"type":"collection-list","blocks":{"1627062855b7b8220f-0":{"type":"featured_collection","settings":{"collection":"frontpage"}},"1627062855b7b8220f-1":{"type":"featured_collection","settings":{"collection":"speakers"}},"1627062855b7b8220f-2":{"type":"featured_collection","settings":{"collection":"headphones"}}},"block_order":["1627062855b7b8220f-0","1627062855b7b8220f-1","1627062855b7b8220f-2"],"settings":{"title":"","image_ratio":"adapt","color_scheme":"accent-2","swipe_on_mobile":false,"image_padding":false,"show_view_all":true}},"featured_products":{"type":"featured-collection","settings":{"color_scheme":"background-2","title":"Most Popular","text":"","collection":"most-popular","grid1":3,"show_view_all":true}},"1631726807dbef5149":{"type":"image-with-text","blocks":{"1631726807dbef5149-0":{"type":"heading","settings":{"heading":"Connectivity"}},"1631726807dbef5149-1":{"type":"text","settings":{"text":"<p>Pair text with an image to focus on your chosen product, collection, or blog post. Add details on availability, style, or even provide a review.<\/p>"}},"1631726807dbef5149-2":{"type":"button","settings":{"button_label":"Shop Products","button_link":"shopify:\/\/collections\/all"}}},"block_order":["1631726807dbef5149-0","1631726807dbef5149-1","1631726807dbef5149-2"],"settings":{"image":"shopify:\/\/shop_images\/connectivity.jpg","height":"adapt","full_width":true,"color_scheme":"background-1","layout":"image_first"}},"163172705702b83670":{"type":"image-with-text","blocks":{"163172705702b83670-0":{"type":"heading","settings":{"heading":"Cases & Protection"}},"163172705702b83670-1":{"type":"text","settings":{"text":"<p>Pair text with an image to focus on your chosen product, collection, or blog post. Add details on availability, style, or even provide a review.<\/p>"}},"163172705702b83670-2":{"type":"button","settings":{"button_label":"Shop Products","button_link":"shopify:\/\/collections\/all"}}},"block_order":["163172705702b83670-0","163172705702b83670-1","163172705702b83670-2"],"settings":{"image":"shopify:\/\/shop_images\/cases-and-protection.jpg","height":"adapt","full_width":true,"color_scheme":"background-1","layout":"text_first"}},"1631727524d2c0f7c1":{"type":"logos-list","blocks":{"c975fdab-61ab-4bde-9e19-012caf74ecb5":{"type":"image","settings":{"image":"shopify:\/\/shop_images\/harman-kardon.jpg","image_link":""}},"67eccc96-523f-466b-8850-1136d9a1a0ae":{"type":"image","settings":{"image":"shopify:\/\/shop_images\/lg.jpg","image_link":""}},"8eb4ad3a-7f89-4146-a091-f855b07ee893":{"type":"image","settings":{"image":"shopify:\/\/shop_images\/sony.jpg","image_link":""}},"e62b0394-7163-4884-a9d4-07889d13a266":{"type":"image","settings":{"image":"shopify:\/\/shop_images\/pioneer.jpg","image_link":""}},"0312fca1-2812-46e6-bfb7-1d69b1cb292a":{"type":"image","settings":{"image":"shopify:\/\/shop_images\/harman-kardon_a57fcdad-33ab-4493-b6ab-6d1b3007da8b.jpg","image_link":""}},"9ad17386-a300-49ac-8e29-43fd415e35f8":{"type":"button","settings":{"button_label":"All Brands","button_link":"shopify:\/\/pages\/brands","button_style_secondary":false}}},"block_order":["c975fdab-61ab-4bde-9e19-012caf74ecb5","67eccc96-523f-466b-8850-1136d9a1a0ae","8eb4ad3a-7f89-4146-a091-f855b07ee893","e62b0394-7163-4884-a9d4-07889d13a266","0312fca1-2812-46e6-bfb7-1d69b1cb292a","9ad17386-a300-49ac-8e29-43fd415e35f8"],"settings":{"heading":"Our Brands","color_scheme":"background-1"}},"1631727527de6a7533":{"type":"featured-product","settings":{"heading":"","featured_product":"bose-quietcomfort-25-acoustic-noise-cancelling-headphones","color_scheme":"background-2"}},"1627066609193462e9":{"type":"featured-blog","blocks":{"1627066609193462e9-0":{"type":"title","settings":{"show_date":true,"show_author":false}},"1627066609193462e9-1":{"type":"summary","settings":{}},"1627066609193462e9-2":{"type":"link","settings":{}}},"block_order":["1627066609193462e9-0","1627066609193462e9-1","1627066609193462e9-2"],"settings":{"heading":"Blog","blog":"news","post_limit":3,"show_view_all":true,"show_image":true,"soft_background":false}},"163050479489ac742c":{"type":"newsletter","blocks":{"163050479489ac742c-0":{"type":"heading","settings":{"heading":"Newsletter Signup"}},"163050479489ac742c-1":{"type":"paragraph","settings":{"paragraph":"<p>Invite Customers to join your mailing list.<\/p>"}},"163050479489ac742c-2":{"type":"email_form","settings":{}}},"block_order":["163050479489ac742c-0","163050479489ac742c-1","163050479489ac742c-2"],"settings":{"color_scheme":"background-2","full_width":true}}},"order":["1638473943f7e3801b","16305246311b2b5501","1627062855b7b8220f","featured_products","1631726807dbef5149","163172705702b83670","1631727524d2c0f7c1","1631727527de6a7533","1627066609193462e9","163050479489ac742c"]}