{"sections":{"main":{"type":"main-list-collections","settings":{"title":"Collections","sort":"alphabetical","image_ratio":"adapt","color_scheme":"background-1","image_padding":false}},"1638566568d9379e61":{"type":"logos-list","blocks":{"c6b7fe0f-8f2f-4fc6-b049-ef8c9aea7540":{"type":"image","settings":{"image":"shopify:\/\/shop_images\/akg-harman.jpg","image_link":""}},"3a127253-9ea8-49ee-9530-f180bd5f0373":{"type":"image","settings":{"image":"shopify:\/\/shop_images\/audio-technica.jpg","image_link":""}},"a77be3d6-6e58-4fa5-9151-1b6b8b0511d4":{"type":"image","settings":{"image":"shopify:\/\/shop_images\/cambridge-audio.jpg","image_link":""}},"6af497d9-fb2a-4c45-b87f-2a90e3fdf560":{"type":"image","settings":{"image":"shopify:\/\/shop_images\/denon.jpg","image_link":""}},"246e8e59-d55c-4f13-bdce-cb7f3595f5db":{"type":"image","settings":{"image":"shopify:\/\/shop_images\/devialet.jpg","image_link":""}},"9b04163c-f0c7-49b1-9013-c2c28bed8bf9":{"type":"image","settings":{"image":"shopify:\/\/shop_images\/focal.jpg","image_link":""}},"37496f73-348b-4df0-8277-caee64a1c070":{"type":"image","settings":{"image":"shopify:\/\/shop_images\/harman-kardon_d9d6f75d-2c10-4bfa-b144-945a4c12ddde.jpg","image_link":""}},"9a31980b-509b-4f09-bb55-dab6a16b43a2":{"type":"image","settings":{"image":"shopify:\/\/shop_images\/jbl.jpg","image_link":""}},"f33defd7-afc9-453d-b8d3-04933855f8e3":{"type":"image","settings":{"image":"shopify:\/\/shop_images\/klipsch.jpg","image_link":""}},"4216fe71-f58b-48b2-90dc-60f1f623bfad":{"type":"image","settings":{"image":"shopify:\/\/shop_images\/master-dynamic.jpg","image_link":""}},"f6d66041-3cc5-48d0-9d5d-dc023cca9360":{"type":"image","settings":{"image":"shopify:\/\/shop_images\/pioneer_3eefb4db-9d47-4fd8-8090-1a427997a9df.jpg","image_link":""}},"97c12c12-d550-4c45-a4d8-adcbd911fff9":{"type":"image","settings":{"image":"shopify:\/\/shop_images\/sennheiser.jpg","image_link":""}},"56a8cc0b-fb2d-4b1f-96f9-6b6a42db2292":{"type":"image","settings":{"image":"shopify:\/\/shop_images\/shure.jpg","image_link":""}},"fe45fad4-3078-4447-ba5e-c4d67b8c8b17":{"type":"image","settings":{"image":"shopify:\/\/shop_images\/sony_20c8e999-9987-4245-a8b8-643948c87a99.jpg","image_link":""}}},"block_order":["c6b7fe0f-8f2f-4fc6-b049-ef8c9aea7540","3a127253-9ea8-49ee-9530-f180bd5f0373","a77be3d6-6e58-4fa5-9151-1b6b8b0511d4","6af497d9-fb2a-4c45-b87f-2a90e3fdf560","246e8e59-d55c-4f13-bdce-cb7f3595f5db","9b04163c-f0c7-49b1-9013-c2c28bed8bf9","37496f73-348b-4df0-8277-caee64a1c070","9a31980b-509b-4f09-bb55-dab6a16b43a2","f33defd7-afc9-453d-b8d3-04933855f8e3","4216fe71-f58b-48b2-90dc-60f1f623bfad","f6d66041-3cc5-48d0-9d5d-dc023cca9360","97c12c12-d550-4c45-a4d8-adcbd911fff9","56a8cc0b-fb2d-4b1f-96f9-6b6a42db2292","fe45fad4-3078-4447-ba5e-c4d67b8c8b17"],"settings":{"heading":"Brands","color_scheme":"background-1"}},"163856657283d2e01e":{"type":"newsletter","blocks":{"163856657232419f69-0":{"type":"heading","settings":{"heading":"Newsletter signup"}},"163856657232419f69-1":{"type":"paragraph","settings":{"paragraph":"<p>Invite customers to join your mailing list.<\/p>"}},"163856657232419f69-2":{"type":"email_form","settings":{}}},"block_order":["163856657232419f69-0","163856657232419f69-1","163856657232419f69-2"],"settings":{"color_scheme":"background-2","full_width":true}}},"order":["main","1638566568d9379e61","163856657283d2e01e"]}