{"sections":{"1634598596d30245ac":{"type":"breadcrumbs","settings":{}},"main":{"type":"main-page","settings":{}},"1631817573f2bba9d7":{"type":"legal-tabs","blocks":{"10cfe9e6-7298-4825-821a-665a27c5f01c":{"type":"shipping-item","settings":{"title":"Shipping","content":"<p>TECH’s Free Shipping policy will only apply to the standard shipping method. Any expedited shipping requests will be charged for the full price of shipping. If expedited shipping is needed, please include an email with your purchase information to info@tech.com with requested shipping method and needed date of delivery.<br\/><\/p>"}},"6f838790-2cf9-44fe-aa41-060ae3b5d9e2":{"type":"returns-item","settings":{"title":"Returns","content":"<p>Use this text to answer questions in as much detail as possible for your customers.<\/p>"}},"ffcd7926-a013-4aff-b314-5e30ff3d0fdd":{"type":"privacy-item","settings":{"title":"Privacy","content":"<p>Use this text to answer questions in as much detail as possible for your customers.<\/p>"}},"57470a4b-97e8-44c9-b769-ad322b574627":{"type":"terms-item","settings":{"title":"Terms","content":"<p>Use this text to answer questions in as much detail as possible for your customers.<\/p>"}}},"block_order":["10cfe9e6-7298-4825-821a-665a27c5f01c","6f838790-2cf9-44fe-aa41-060ae3b5d9e2","ffcd7926-a013-4aff-b314-5e30ff3d0fdd","57470a4b-97e8-44c9-b769-ad322b574627"],"settings":{"tab1_title":"Shipping","tab2_title":"Returns","tab3_title":"Privacy","tab4_title":"Terms"}},"16384617447d8df46a":{"type":"newsletter","blocks":{"1638461744f2b970cc-0":{"type":"heading","settings":{"heading":"Newsletter Signup"}},"1638461744f2b970cc-1":{"type":"paragraph","settings":{"paragraph":"<p>Invite Customers to join your mailing list.<\/p>"}},"1638461744f2b970cc-2":{"type":"email_form","settings":{}}},"block_order":["1638461744f2b970cc-0","1638461744f2b970cc-1","1638461744f2b970cc-2"],"settings":{"color_scheme":"background-2","full_width":true}}},"order":["1634598596d30245ac","main","1631817573f2bba9d7","16384617447d8df46a"]}