{"sections":{"1634598631a0b0d149":{"type":"breadcrumbs","settings":{}},"main":{"type":"main-page","settings":{}},"1629133107fd0bf717":{"type":"accordion","blocks":{"0780f89c-f280-4750-9ebf-580e3fb1f026":{"type":"faq","settings":{"tab_heading":"Theme Info","heading":"How to add Faq to your store?","text":"Use this text to answer questions in as much detail as possible for your customers."}},"5efc2454-02ed-40dd-8e45-03d692a77718":{"type":"faq","settings":{"tab_heading":"Shipping","heading":"Do you ship overseas?","text":"Use this text to answer questions in as much detail as possible for your customers."}},"37fad645-8e0b-4145-b069-aae89fc7bdcb":{"type":"faq","settings":{"tab_heading":"Shipping","heading":"How long will it take to get my order?","text":"Use this text to answer questions in as much detail as possible for your customers."}},"32ce040f-3a24-43a3-9556-f59e7ef5f6b5":{"type":"faq","settings":{"tab_heading":"Shipping","heading":"What shipping carriers do you use?","text":"Use this text to answer questions in as much detail as possible for your customers."}},"452d2bcb-6cd0-4dee-83ee-7ea61ed4eb36":{"type":"faq","settings":{"tab_heading":"Products","heading":"Can I return my product?","text":"Use this text to answer questions in as much detail as possible for your customers."}},"328a0041-802a-4d73-bf2d-9e241928fc58":{"type":"faq","settings":{"tab_heading":"Products","heading":"Can I get my product personalized?","text":"Use this text to answer questions in as much detail as possible for your customers."}},"a56c36a7-600d-47e2-a26c-22cbd0bc2938":{"type":"faq","settings":{"tab_heading":"Account","heading":"Do I have to create an account to order?","text":"Use this text to answer questions in as much detail as possible for your customers."}},"6a25602b-1938-460a-9134-aee6bb114f83":{"type":"faq","settings":{"tab_heading":"Account","heading":"Do you save my bank details?","text":"Use this text to answer questions in as much detail as possible for your customers."}}},"block_order":["0780f89c-f280-4750-9ebf-580e3fb1f026","5efc2454-02ed-40dd-8e45-03d692a77718","37fad645-8e0b-4145-b069-aae89fc7bdcb","32ce040f-3a24-43a3-9556-f59e7ef5f6b5","452d2bcb-6cd0-4dee-83ee-7ea61ed4eb36","328a0041-802a-4d73-bf2d-9e241928fc58","a56c36a7-600d-47e2-a26c-22cbd0bc2938","6a25602b-1938-460a-9134-aee6bb114f83"],"settings":{"color_scheme":"background-1","heading":"Shipping"}},"163173831979360a64":{"type":"newsletter","blocks":{"163173831979360a64-0":{"type":"heading","settings":{"heading":"Newsletter Signup"}},"163173831979360a64-2":{"type":"email_form","settings":{}}},"block_order":["163173831979360a64-0","163173831979360a64-2"],"settings":{"color_scheme":"background-2","full_width":true}}},"order":["1634598631a0b0d149","main","1629133107fd0bf717","163173831979360a64"]}