{"sections":{"16345986126025b458":{"type":"breadcrumbs","settings":{}},"main":{"type":"main-page","settings":{}},"form":{"type":"contact-form","blocks":{"6fc5f682-6848-4a78-b67b-2abf28526658":{"type":"heading","settings":{"heading":"Contact Info"}},"16b58728-7216-4800-a0a6-c0f9d4bbf4a6":{"type":"text","settings":{"text":"<p>3155 Bay Street<br\/>Toronto, ON<br\/>M5J 2R8<br\/><br\/>416-826-2498<br\/>info@tech.com<\/p>"}},"1c97d636-e4a3-4199-945e-ef8e78529d5f":{"type":"social_media","settings":{"enable_social_media":true}}},"block_order":["6fc5f682-6848-4a78-b67b-2abf28526658","16b58728-7216-4800-a0a6-c0f9d4bbf4a6","1c97d636-e4a3-4199-945e-ef8e78529d5f"],"settings":{"heading":"GET IN TOUCH","color_scheme":"background-1"}},"1631801738e3ecb61d":{"type":"google-map","settings":{"googlemap_iframe":"<iframe src=\"https:\/\/www.google.com\/maps\/embed?pb=!1m18!1m12!1m3!1d2885.808454019296!2d-79.39296108427664!3d43.67295335917075!2m3!1f0!2f0!3f0!3m2!1i1024!2i768!4f13.1!3m3!1m2!1s0x882b34af450fe0d9%3A0xd1b82fb51b39955a!2s2811%20Bay%20St.%2C%20Toronto%2C%20ON%2C%20Canada!5e0!3m2!1sen!2s!4v1631209043914!5m2!1sen!2s\" width=\"600\" height=\"450\" style=\"border:0;\" allowfullscreen=\"\" loading=\"lazy\"><\/iframe>"}},"1631799654523ab083":{"type":"newsletter","blocks":{"1631799654523ab083-0":{"type":"heading","settings":{"heading":"Newsletter Signup"}},"bd0ffb55-bbd3-4206-89cb-65c38e91b6d1":{"type":"paragraph","settings":{"paragraph":"<p>Invite customers to join your mailing list.<\/p>"}},"1631799654523ab083-2":{"type":"email_form","settings":{}}},"block_order":["1631799654523ab083-0","bd0ffb55-bbd3-4206-89cb-65c38e91b6d1","1631799654523ab083-2"],"settings":{"color_scheme":"background-2","full_width":true}}},"order":["16345986126025b458","main","form","1631801738e3ecb61d","1631799654523ab083"]}