{"sections":{"16345987075240242c":{"type":"breadcrumbs","settings":{}},"1630700829af7b7642":{"type":"rich-text","blocks":{"163070082934c75017-0":{"type":"heading","settings":{"heading":"About Us","heading_size":"medium"}},"163070082934c75017-1":{"type":"text","settings":{"text":"<p>Content below is a demonstration content, designed to showcase how this page could look with your brand content.<\/p>"}}},"block_order":["163070082934c75017-0","163070082934c75017-1"],"settings":{"color_scheme":"background-1","text-align-center":true,"full_width":true}},"16307008342b76f37f":{"type":"image-banner-without-text","settings":{"image":"shopify:\/\/shop_images\/about-1.jpg","full_width":false}},"1630700877e424b14f":{"type":"rich-text","blocks":{"16307008778c3f3bc0-1":{"type":"text","settings":{"text":"<p>Our mission statement is to provide the absolute best customer experience available in the Audio\/Video industry without exception. We choose to only sell the best performing products in the world, learning them inside and out to ensure your experience with our organization and the products we supply is second to none. TECH Lifestyle is one of the fastest growing Audio and Video retailers in Canada. All because of our passion for our products and our customers. We care like no one else.<br\/><br\/>We employ salaried representatives whose primary focus is to know and love our products and our customers. Our reps have an average of 7 years of industry experience and go through product trainings and certifications on a weekly basis. You will not find another source that has more industry involved reps on call for you all the time. We only sell what we would and do have in our own homes. Honesty and integrity are the most important pieces to our business and reputation.<\/p>"}}},"block_order":["16307008778c3f3bc0-1"],"settings":{"color_scheme":"background-1","text-align-center":false,"full_width":true}},"1630700882acb4f066":{"type":"image-banner-without-text","settings":{"image":"shopify:\/\/shop_images\/about-2.jpg","full_width":false}},"16307009177300fe2b":{"type":"rich-text","blocks":{"1630700917273aab70-1":{"type":"text","settings":{"text":"<p>We're the largest retail AV showroom in central Toronto with over 12,000 square feet of product to play with. We offer in house design and installation by the area's best-certified installers and technicians. This means our knowledge pool is vast and ever expanding. Real experience on the products we sell equals real answers to the questions you pose.<\/p>"}}},"block_order":["1630700917273aab70-1"],"settings":{"color_scheme":"background-1","text-align-center":false,"full_width":true}},"1631798742a5427e81":{"type":"image-banner-without-text","settings":{"image":"shopify:\/\/shop_images\/about-3.jpg","full_width":false}},"16317987828b290dc6":{"type":"rich-text","blocks":{"16317987828b290dc6-0":{"type":"heading","settings":{"heading":"Buying Power?","heading_size":"small"}},"16317987828b290dc6-1":{"type":"text","settings":{"text":"<p>TECH Lifestyle is honored to be recognized for the second year in a row as one of the fastest growing privately held retailers and businesses in Canada. This means we have the stock, buying power and leverage with our vendors to ensure we have the stock and prices to match or beat any authorized dealers offerings.<br\/><br\/>Buy Authorized! This is imperative when investing in electronics. Rest assured that TECH Lifestyle is an authorized dealer for every single product we sell. Every product sold comes not only with our 30-day guarantee but also with the full manufacturer's warranty to ensure you and your investment are protected.<br\/><br\/><\/p>"}},"16317987828b290dc6-2":{"type":"button","settings":{"button_label":"Shop All Products","button_link":"shopify:\/\/collections\/all","button_style_secondary":false}}},"block_order":["16317987828b290dc6-0","16317987828b290dc6-1","16317987828b290dc6-2"],"settings":{"color_scheme":"background-1","text-align-center":false,"full_width":true}},"16317987862114fb6c":{"type":"newsletter","blocks":{"16317987862114fb6c-0":{"type":"heading","settings":{"heading":"Newsletter Signup"}},"16317987862114fb6c-2":{"type":"email_form","settings":{}}},"block_order":["16317987862114fb6c-0","16317987862114fb6c-2"],"settings":{"color_scheme":"background-2","full_width":true}}},"order":["16345987075240242c","1630700829af7b7642","16307008342b76f37f","1630700877e424b14f","1630700882acb4f066","16307009177300fe2b","1631798742a5427e81","16317987828b290dc6","16317987862114fb6c"]}