{"sections":{"main":{"type":"main-page","settings":{}},"16294733436fadac1d":{"type":"rich-text","blocks":{"16294733436fadac1d-0":{"type":"heading","settings":{"heading":"Not quite Satisfied with your order? No problemo! Return it for a full refund, no questions asked.","heading_size":"medium"}},"16294733436fadac1d-1":{"type":"text","settings":{"text":"<p>*Articles should be unworn<\/p><p>*All Refunds will be made to the original method of payment.<\/p>"}},"16294733436fadac1d-2":{"type":"button","settings":{"button_label":"CONTACT US","button_link":"shopify:\/\/pages\/contact","button_style_secondary":false}}},"block_order":["16294733436fadac1d-0","16294733436fadac1d-1","16294733436fadac1d-2"],"settings":{"color_scheme":"background-1","full_width":true}}},"order":["main","16294733436fadac1d"]}