{"sections":{"16345986877d95aba2":{"type":"breadcrumbs","settings":{}},"main":{"type":"main-page","settings":{}},"1631804249552e8ba5":{"type":"logos-list","blocks":{"1c3f2461-00b3-464d-a7c4-977b7c517580":{"type":"image","settings":{"image":"shopify:\/\/shop_images\/akg-harman.jpg","image_link":""}},"9fb4a316-91c3-42d7-b569-3ebffdf6f3df":{"type":"image","settings":{"image":"shopify:\/\/shop_images\/audio-technica.jpg","image_link":""}},"cab30feb-3444-4d34-b98d-c140fdbd248d":{"type":"image","settings":{"image":"shopify:\/\/shop_images\/cambridge-audio.jpg","image_link":""}},"06c73f25-5538-4277-991f-571d6e171131":{"type":"image","settings":{"image":"shopify:\/\/shop_images\/denon.jpg","image_link":""}},"bd3e4cdc-4e52-40cc-866f-4b06cf7c4bc1":{"type":"image","settings":{"image":"shopify:\/\/shop_images\/devialet.jpg","image_link":""}},"cca21023-b2be-4017-aa26-6943cdd679f6":{"type":"image","settings":{"image":"shopify:\/\/shop_images\/focal.jpg","image_link":""}},"593c0321-c0e6-44d0-8352-b6f02b578cf3":{"type":"image","settings":{"image":"shopify:\/\/shop_images\/harman-kardon_d9d6f75d-2c10-4bfa-b144-945a4c12ddde.jpg","image_link":""}},"84087c25-4770-4414-a232-e19d9d9c46de":{"type":"image","settings":{"image":"shopify:\/\/shop_images\/jbl.jpg","image_link":""}},"2389584b-e9a3-4c84-9c1d-a82713ec8757":{"type":"image","settings":{"image":"shopify:\/\/shop_images\/klipsch.jpg","image_link":""}},"23a07d4f-faac-4661-867b-ed9b80e40789":{"type":"image","settings":{"image":"shopify:\/\/shop_images\/master-dynamic.jpg","image_link":""}},"c1fde80f-55c0-4747-a519-75c6f3ead9e1":{"type":"image","settings":{"image":"shopify:\/\/shop_images\/pioneer_3eefb4db-9d47-4fd8-8090-1a427997a9df.jpg","image_link":""}},"723d7d4f-fd81-4a19-9439-1d21b03380d3":{"type":"image","settings":{"image":"shopify:\/\/shop_images\/sennheiser.jpg","image_link":""}},"6a9ebbbe-d142-48cf-b92b-f3e29d32c99a":{"type":"image","settings":{"image":"shopify:\/\/shop_images\/shure.jpg","image_link":""}},"56fe29ac-7504-44db-88a2-de768da9333a":{"type":"image","settings":{"image":"shopify:\/\/shop_images\/sony_20c8e999-9987-4245-a8b8-643948c87a99.jpg","image_link":""}}},"block_order":["1c3f2461-00b3-464d-a7c4-977b7c517580","9fb4a316-91c3-42d7-b569-3ebffdf6f3df","cab30feb-3444-4d34-b98d-c140fdbd248d","06c73f25-5538-4277-991f-571d6e171131","bd3e4cdc-4e52-40cc-866f-4b06cf7c4bc1","cca21023-b2be-4017-aa26-6943cdd679f6","593c0321-c0e6-44d0-8352-b6f02b578cf3","84087c25-4770-4414-a232-e19d9d9c46de","2389584b-e9a3-4c84-9c1d-a82713ec8757","23a07d4f-faac-4661-867b-ed9b80e40789","c1fde80f-55c0-4747-a519-75c6f3ead9e1","723d7d4f-fd81-4a19-9439-1d21b03380d3","6a9ebbbe-d142-48cf-b92b-f3e29d32c99a","56fe29ac-7504-44db-88a2-de768da9333a"],"settings":{"heading":"","color_scheme":"background-1"}},"1631804500cc01d523":{"type":"newsletter","blocks":{"1631804500cc01d523-0":{"type":"heading","settings":{"heading":"Newsletter signup"}},"3060e40d-d33b-473c-9a2b-ba2cec33c9df":{"type":"paragraph","settings":{"paragraph":"<p>Invite customers to join your mailing list.<\/p>"}},"1631804500cc01d523-2":{"type":"email_form","settings":{}}},"block_order":["1631804500cc01d523-0","3060e40d-d33b-473c-9a2b-ba2cec33c9df","1631804500cc01d523-2"],"settings":{"color_scheme":"background-2","full_width":true}}},"order":["16345986877d95aba2","main","1631804249552e8ba5","1631804500cc01d523"]}