{"sections":{"1634598744dbcb53aa":{"type":"breadcrumbs","settings":{}},"main":{"type":"main-product","blocks":{"vendor":{"type":"text","disabled":true,"settings":{"text":"{{ product.vendor }}","text_style":"uppercase"}},"title":{"type":"title","settings":{}},"subtitle":{"type":"text","settings":{"text":"{{ product.metafields.descriptors.subtitle.value }}","text_style":"subtitle"}},"price":{"type":"price","settings":{}},"variant_picker":{"type":"variant_picker","settings":{"picker_type":"button"}},"quantity_selector":{"type":"quantity_selector","settings":{}},"buy_buttons":{"type":"buy_buttons","settings":{"show_dynamic_checkout":true}},"19a0c08c-e2f6-4a08-8d53-06b60fe1ff56":{"type":"collapsible_tab","settings":{"heading":"Description","content":"","page":"","icon":"none"}},"5235753a-7a97-4615-9d30-e02a53d395f9":{"type":"collapsible_tab","settings":{"heading":"Shipping & Returns","content":"<p>Free 2 Day Shipping on Orders $50+. Returns must be postmarked: within 15 days of delivery for a refund and within 30 days for a Store Credit or Exchange.<\/p>","page":"","icon":"none"}},"b8b05d58-a1a6-457b-bbc9-1f47c3ee046e":{"type":"badge","settings":{"label":"Free shipping and returns","image":"shopify:\/\/shop_images\/icon1_ac757b39-34b0-4ad7-8ced-670453012695.png"}},"bf57573d-7e9c-4b1f-855c-52aae1051058":{"type":"badge","settings":{"label":"100-day risk-free trial","image":"shopify:\/\/shop_images\/icon2_049c186e-411f-4ad0-a6b9-b5a417035f10.png"}},"fa267547-5339-442c-85cf-e013815cdf01":{"type":"badge","settings":{"label":"Lifetime warranty","image":"shopify:\/\/shop_images\/icon3_1fcd6a39-80d3-4a8a-a25a-45f79906e9aa.png"}},"ba6c1d43-cb2d-4c71-ab37-0699f8e3a998":{"type":"badge","settings":{"label":"Duties and taxes paid","image":"shopify:\/\/shop_images\/icon4_180x_9df4a017-ddcf-4b7d-b454-6ac482823f2b.png"}}},"block_order":["vendor","title","subtitle","price","variant_picker","quantity_selector","buy_buttons","19a0c08c-e2f6-4a08-8d53-06b60fe1ff56","5235753a-7a97-4615-9d30-e02a53d395f9","b8b05d58-a1a6-457b-bbc9-1f47c3ee046e","bf57573d-7e9c-4b1f-855c-52aae1051058","fa267547-5339-442c-85cf-e013815cdf01","ba6c1d43-cb2d-4c71-ab37-0699f8e3a998"],"settings":{"enable_sticky_info":true,"enable_video_looping":false}},"product-recommendations":{"type":"product-recommendations","settings":{"heading":"You may also be interested in:","image_ratio":"square","show_secondary_image":true,"add_image_padding":false,"show_vendor":false,"color_scheme":"background-1"}},"recently-viewed":{"type":"recently-viewed","settings":{"title":"Recently viewed"}},"1631906606853603b3":{"type":"newsletter","blocks":{"1631906606853603b3-0":{"type":"heading","settings":{"heading":"Newsletter Signup"}},"1631906606853603b3-1":{"type":"paragraph","settings":{"paragraph":"<p>Invite customers tp join your mailing list.<\/p>"}},"1631906606853603b3-2":{"type":"email_form","settings":{}}},"block_order":["1631906606853603b3-0","1631906606853603b3-1","1631906606853603b3-2"],"settings":{"color_scheme":"background-2","full_width":true}}},"order":["1634598744dbcb53aa","main","product-recommendations","recently-viewed","1631906606853603b3"]}