{"current":{"colors_accent_1":"#9e1329","colors_accent_2":"#000000","colors_text":"#2d2d2d","colors_outline_button_labels":"#9e1329","colors_background_1":"#FFFFFF","colors_background_2":"#e8e8e8","type_header_font":"rubik_n7","type_body_font":"roboto_n4","favicon":"shopify:\/\/shop_images\/tech-favicon.png","social_twitter_link":"https:\/\/twitter.com","social_facebook_link":"https:\/\/facebook.com\/","social_pinterest_link":"https:\/\/pinterest.com\/","social_instagram_link":"http:\/\/instagram.com\/","social_tiktok_link":"","sections":{"announcement-bar":{"type":"announcement-bar","blocks":{"8178cc7b-0d9a-49f2-8c8d-244f7cd9cd58":{"type":"announcement","settings":{"text":"FREE Shipping on all orders over $75","color_scheme":"accent-1","link":"shopify:\/\/pages\/contact"}}},"block_order":["8178cc7b-0d9a-49f2-8c8d-244f7cd9cd58"],"settings":{}},"header":{"type":"header","blocks":{"9b468247-9813-4fcf-9415-60b10efa3f6c":{"type":"megamenu2","settings":{"menu_target":"shop","menu_list":""}},"b546f100-a67a-416a-b395-e52b3a06bac3":{"type":"megamenu3","settings":{"menu_target":"brands"}}},"block_order":["9b468247-9813-4fcf-9415-60b10efa3f6c","b546f100-a67a-416a-b395-e52b3a06bac3"],"settings":{"logo":"shopify:\/\/shop_images\/tech-logo-black.png","logo_width":200,"logo_position":"middle-left","menu":"main-menu","show_line_separator":true,"enable_sticky_header":true,"enable_full_width":true,"popup_title":"Latest from Accent","popup_text":"Be the first to know about exciting new designs, special events and much more.","modalLinkText":"","modalLinkUrl":""}},"footer":{"type":"footer","blocks":{"0ca21288-d92d-44b1-82ce-7f543f80c9f6":{"type":"image","settings":{"image":"shopify:\/\/shop_images\/tech-logo-red.png","image_width":100,"alignment":"","text":"<p>Our mission statement is to provide the absolute best customer experience available in the Audio\/Video industry without exception.<\/p>","button_label":"Read More","button_link":"shopify:\/\/pages\/about"}},"footer-0":{"type":"link_list","settings":{"heading":"Popular Colletions","menu":"footer-popular-collections","image_show_social":false}},"03830fe6-ea4f-456f-98f9-989078f9231c":{"type":"link_list","settings":{"heading":"Information","menu":"footer-information","image_show_social":false}},"b1c4b863-c8b6-4f45-9228-dec272aa7f79":{"type":"link_list","settings":{"heading":"Follow Us","menu":"","image_show_social":true}}},"block_order":["0ca21288-d92d-44b1-82ce-7f543f80c9f6","footer-0","03830fe6-ea4f-456f-98f9-989078f9231c","b1c4b863-c8b6-4f45-9228-dec272aa7f79"],"settings":{"color_scheme":"accent-2","text_accent":true,"logo_link":true,"newsletter_enable":false,"newsletter_heading":"Sign up to our emails","show_social":false,"enable_country_selector":true,"enable_language_selector":true,"payment_enable":true}},"cart-drawer-template":{"type":"cart-drawer-template","settings":{}},"header-2":{"type":"header-2","blocks":{"c8ba4414-ec19-4b1b-8992-1a87b551a4aa":{"type":"megamenu5","settings":{"menu_target":"Shop all","title":"","collection_1":"headphones","collection_2":"frontpage","collection_3":"most-popular"}}},"block_order":["c8ba4414-ec19-4b1b-8992-1a87b551a4aa"],"settings":{"logo":"shopify:\/\/shop_images\/tech-logo-black.png","logo_width":200,"menu":"main-menu","show_line_separator":true,"enable_sticky_header":true,"enable_full_width":false}}},"content_for_index":[]}}